{
    "accuracy": 0.8103448275862069,
    "f1": 0.3333333333333333,
    "pr_auc": 0.3919220945083014
}