{
    "accuracy": 0.8057553956834532,
    "f1": 0.34146341463414637,
    "pr_auc": 0.41661982913669066
}