{
    "accuracy": 0.7983682983682984,
    "f1": 0.2880658436213992,
    "pr_auc": 0.3360479125073801
}