{
    "accuracy": 0.8189655172413793,
    "f1": 0.38235294117647056,
    "pr_auc": 0.4332495210727969
}