{
    "accuracy": 0.7777777777777778,
    "f1": 0.17647058823529413,
    "pr_auc": 0.19549916457811195
}