{
    "accuracy": 0.7936507936507936,
    "f1": 0.18750000000000003,
    "pr_auc": 0.2358543417366947
}