{
    "accuracy": 0.8053613053613053,
    "f1": 0.2953586497890296,
    "pr_auc": 0.34957684957684954
}