{
    "accuracy": 0.8005540166204986,
    "f1": 0.25,
    "pr_auc": 0.30499701265547774
}