{
    "accuracy": 0.7950138504155124,
    "f1": 0.27450980392156865,
    "pr_auc": 0.3173284211300076
}