{
    "accuracy": 0.7672413793103449,
    "f1": 0.1818181818181818,
    "pr_auc": 0.24798850574712644
}