{
    "accuracy": 0.7301587301587301,
    "f1": 0.19047619047619047,
    "pr_auc": 0.2510582010582011
}