{
    "accuracy": 0.7482014388489209,
    "f1": 0.2553191489361702,
    "pr_auc": 0.3201829840475445
}