{
    "accuracy": 0.817174515235457,
    "f1": 0.3125,
    "pr_auc": 0.36358698604095374
}