{
    "accuracy": 0.7797202797202797,
    "f1": 0.24701195219123503,
    "pr_auc": 0.30237717837717837
}