{
    "accuracy": 0.7777777777777778,
    "f1": 0.2222222222222222,
    "pr_auc": 0.27222222222222225
}