{
    "accuracy": 0.7922437673130194,
    "f1": 0.3119266055045872,
    "pr_auc": 0.33628722490681395
}