{
    "accuracy": 0.8146551724137931,
    "f1": 0.4109589041095891,
    "pr_auc": 0.3865813712170776
}