{
    "accuracy": 0.7841726618705036,
    "f1": 0.2105263157894737,
    "pr_auc": 0.29813292223364163
}