{
    "accuracy": 0.7948717948717948,
    "f1": 0.3125,
    "pr_auc": 0.33179762463261603
}