{
    "accuracy": 0.7937062937062938,
    "f1": 0.27755102040816326,
    "pr_auc": 0.33139083139083136
}