{
    "accuracy": 0.778393351800554,
    "f1": 0.3220338983050848,
    "pr_auc": 0.37238688421993016
}