{
    "accuracy": 0.7887931034482759,
    "f1": 0.14035087719298245,
    "pr_auc": 0.21975916803503007
}