{
    "accuracy": 0.8174603174603174,
    "f1": 0.303030303030303,
    "pr_auc": 0.34523809523809523
}