{
    "accuracy": 0.8201438848920863,
    "f1": 0.32432432432432434,
    "pr_auc": 0.42051743220807974
}