{
    "accuracy": 0.7697841726618705,
    "f1": 0.2380952380952381,
    "pr_auc": 0.3114008792965628
}