{
    "accuracy": 0.8033240997229917,
    "f1": 0.31067961165048547,
    "pr_auc": 0.35918535323782186
}