{
    "accuracy": 0.771551724137931,
    "f1": 0.273972602739726,
    "pr_auc": 0.3300585067826447
}