{
    "accuracy": 0.7855477855477856,
    "f1": 0.2755905511811024,
    "pr_auc": 0.32863794191919193
}