{
    "accuracy": 0.6031746031746031,
    "f1": 0.2647058823529412,
    "pr_auc": 0.36622050471264744
}