{
    "accuracy": 0.6980609418282548,
    "f1": 0.441025641025641,
    "pr_auc": 0.3754344373005376
}