{
    "accuracy": 0.6853448275862069,
    "f1": 0.45112781954887227,
    "pr_auc": 0.35151217561438036
}