{
    "accuracy": 0.6258992805755396,
    "f1": 0.4090909090909091,
    "pr_auc": 0.48961966976816346
}