{
    "accuracy": 0.668997668997669,
    "f1": 0.4132231404958677,
    "pr_auc": 0.3704349228658682
}