{
    "accuracy": 0.6746031746031746,
    "f1": 0.3880597014925373,
    "pr_auc": 0.39862006304291075
}