{
    "accuracy": 0.7027972027972028,
    "f1": 0.42437923250564336,
    "pr_auc": 0.42875690242216047
}