{
    "accuracy": 0.7285318559556787,
    "f1": 0.4431818181818181,
    "pr_auc": 0.3822861913549152
}