{
    "accuracy": 0.7025862068965517,
    "f1": 0.4,
    "pr_auc": 0.4624717109657414
}