{
    "accuracy": 0.6618705035971223,
    "f1": 0.4470588235294118,
    "pr_auc": 0.5557905796688017
}