{
    "accuracy": 0.703962703962704,
    "f1": 0.43555555555555564,
    "pr_auc": 0.38532014351788685
}