{
    "accuracy": 0.7068965517241379,
    "f1": 0.4035087719298245,
    "pr_auc": 0.3015641504577293
}