{
    "accuracy": 0.703601108033241,
    "f1": 0.45128205128205134,
    "pr_auc": 0.48343593348161873
}