{
    "accuracy": 0.7050359712230215,
    "f1": 0.4810126582278481,
    "pr_auc": 0.4472803927363109
}