{
    "accuracy": 0.6984126984126984,
    "f1": 0.3870967741935484,
    "pr_auc": 0.2902398421606315
}