{
    "accuracy": 0.7769784172661871,
    "f1": 0.5079365079365079,
    "pr_auc": 0.5398742909546854
}