{
    "accuracy": 0.6982758620689655,
    "f1": 0.4262295081967213,
    "pr_auc": 0.41427447784852733
}