{
    "accuracy": 0.7423822714681441,
    "f1": 0.422360248447205,
    "pr_auc": 0.3680510836632863
}