{
    "accuracy": 0.7226107226107226,
    "f1": 0.4223300970873787,
    "pr_auc": 0.39582203626288737
}