{
    "accuracy": 0.6507936507936508,
    "f1": 0.3333333333333333,
    "pr_auc": 0.2860705091463765
}