{
    "accuracy": 0.7132867132867133,
    "f1": 0.40865384615384615,
    "pr_auc": 0.40051430385632236
}