{
    "accuracy": 0.6762589928057554,
    "f1": 0.43037974683544294,
    "pr_auc": 0.518266970576057
}