{
    "accuracy": 0.6666666666666666,
    "f1": 0.3,
    "pr_auc": 0.3948229502171263
}