{
    "accuracy": 0.7327586206896551,
    "f1": 0.32608695652173914,
    "pr_auc": 0.32282760197434857
}