{
    "accuracy": 0.7313019390581718,
    "f1": 0.47567567567567565,
    "pr_auc": 0.4502476042537601
}