{
    "accuracy": 0.6762589928057554,
    "f1": 0.41558441558441556,
    "pr_auc": 0.44627127834766234
}