{
    "accuracy": 0.7229916897506925,
    "f1": 0.4791666666666667,
    "pr_auc": 0.475174850828183
}