{
    "accuracy": 0.6206896551724138,
    "f1": 0.42857142857142855,
    "pr_auc": 0.5219455353242308
}