{
    "accuracy": 0.7370689655172413,
    "f1": 0.4873949579831932,
    "pr_auc": 0.522125065380295
}