{
    "accuracy": 0.5238095238095238,
    "f1": 0.2857142857142857,
    "pr_auc": 0.19440385456350964
}