{
    "accuracy": 0.703962703962704,
    "f1": 0.44298245614035087,
    "pr_auc": 0.4416923572654767
}