{
    "accuracy": 0.6190476190476191,
    "f1": 0.29411764705882354,
    "pr_auc": 0.19448372592778465
}