{
    "accuracy": 0.5983379501385041,
    "f1": 0.39330543933054396,
    "pr_auc": 0.4750620627782475
}