{
    "accuracy": 0.5897435897435898,
    "f1": 0.3910034602076125,
    "pr_auc": 0.44166726990334604
}