{
    "accuracy": 0.5755395683453237,
    "f1": 0.4158415841584158,
    "pr_auc": 0.44627127834766234
}