{
    "accuracy": 0.625,
    "f1": 0.4313725490196078,
    "pr_auc": 0.5343556355122667
}