{
    "accuracy": 0.5396825396825397,
    "f1": 0.29268292682926833,
    "pr_auc": 0.20397654017878925
}