{
    "accuracy": 0.6163793103448276,
    "f1": 0.4183006535947713,
    "pr_auc": 0.5263748185051692
}