{
    "accuracy": 0.5932400932400932,
    "f1": 0.39092495636998253,
    "pr_auc": 0.4408045921225594
}