{
    "accuracy": 0.5158730158730159,
    "f1": 0.2823529411764706,
    "pr_auc": 0.25616304775521453
}