{
    "accuracy": 0.6066481994459834,
    "f1": 0.39830508474576276,
    "pr_auc": 0.4512320499769343
}