{
    "accuracy": 0.5827338129496403,
    "f1": 0.42,
    "pr_auc": 0.46526820418403275
}