{
    "accuracy": 0.5862470862470862,
    "f1": 0.39108061749571177,
    "pr_auc": 0.43778951767240937
}