{
    "accuracy": 0.5948275862068966,
    "f1": 0.41975308641975306,
    "pr_auc": 0.49853536663045583
}