{
    "accuracy": 0.5920745920745921,
    "f1": 0.3902439024390244,
    "pr_auc": 0.4407674709491151
}