{
    "accuracy": 0.5683453237410072,
    "f1": 0.411764705882353,
    "pr_auc": 0.42903277442129906
}