{
    "accuracy": 0.5317460317460317,
    "f1": 0.28915662650602414,
    "pr_auc": 0.1976204035827592
}