{
    "accuracy": 0.6038781163434903,
    "f1": 0.3966244725738396,
    "pr_auc": 0.46782496434722864
}