{
    "accuracy": 0.6206896551724138,
    "f1": 0.42105263157894735,
    "pr_auc": 0.5242523122035931
}