{
    "experiment_type": "cluster",
    "fold_metrics": [
        {
            "fold": 0,
            "f1": 0.7610241820768135,
            "inner_f1_star": 0.7671423592057924,
            "lambda_reg": 0.001,
            "threshold": 0.35,
            "gamma": 1.0,
            "n_comps": null,
            "n_clusters": 6,
            "kappa_1": null,
            "kappa_4": null,
            "kappa_6": null,
            "kappa_mult_1": null,
            "kappa_mult_4": null,
            "kappa_mult_6": null,
            "natural_kappa_1": 0.373530914665304,
            "natural_kappa_4": 0.6280020439448135,
            "natural_kappa_6": 0.3888605007664793
        },
        {
            "fold": 1,
            "f1": 0.7612903225806452,
            "inner_f1_star": 0.7654173545982698,
            "lambda_reg": 0.001,
            "threshold": 0.35,
            "gamma": 0.5,
            "n_comps": null,
            "n_clusters": 6,
            "kappa_1": null,
            "kappa_4": null,
            "kappa_6": null,
            "kappa_mult_1": null,
            "kappa_mult_4": null,
            "kappa_mult_6": null,
            "natural_kappa_1": 0.3778801843317972,
            "natural_kappa_4": 0.615463389656938,
            "natural_kappa_6": 0.4019457245263697
        },
        {
            "fold": 2,
            "f1": 0.7576642335766423,
            "inner_f1_star": 0.7691672095720845,
            "lambda_reg": 0.001,
            "threshold": 0.35,
            "gamma": 1.0,
            "n_comps": null,
            "n_clusters": 6,
            "kappa_1": null,
            "kappa_4": null,
            "kappa_6": null,
            "kappa_mult_1": null,
            "kappa_mult_4": null,
            "kappa_mult_6": null,
            "natural_kappa_1": 0.36139112903225806,
            "natural_kappa_4": 0.6028225806451613,
            "natural_kappa_6": 0.3936491935483871
        },
        {
            "fold": 3,
            "f1": 0.7617689015691869,
            "inner_f1_star": 0.768710341864899,
            "lambda_reg": 0.001,
            "threshold": 0.35,
            "gamma": 1.0,
            "n_comps": null,
            "n_clusters": 3,
            "kappa_1": null,
            "kappa_4": null,
            "kappa_6": null,
            "kappa_mult_1": null,
            "kappa_mult_4": null,
            "kappa_mult_6": null,
            "natural_kappa_1": 0.3715170278637771,
            "natural_kappa_4": 0.6398348813209495,
            "natural_kappa_6": 0.40299277605779155
        },
        {
            "fold": 4,
            "f1": 0.773218142548596,
            "inner_f1_star": 0.7638111590868726,
            "lambda_reg": 0.0001,
            "threshold": 0.35,
            "gamma": 1.0,
            "n_comps": null,
            "n_clusters": 4,
            "kappa_1": null,
            "kappa_4": null,
            "kappa_6": null,
            "kappa_mult_1": null,
            "kappa_mult_4": null,
            "kappa_mult_6": null,
            "natural_kappa_1": 0.3760245901639344,
            "natural_kappa_4": 0.6337090163934426,
            "natural_kappa_6": 0.38729508196721313
        }
    ],
    "summary": {
        "f1_mean": 0.7629931564703767,
        "f1_std": 0.005941865510695239
    }
}