{
    "experiment_type": "cluster",
    "fold_metrics": [
        {
            "fold": 0,
            "f1": 0.9293739967897271,
            "inner_f1_star": 0.9100928777178258,
            "max_depth": 30,
            "min_samples_split": 2,
            "min_samples_leaf": 1,
            "threshold": 0.45,
            "gamma": 1.5,
            "n_clusters": 5,
            "n_comps": null,
            "kappa_1": null,
            "kappa_4": null,
            "kappa_6": null,
            "kappa_mult_1": null,
            "kappa_mult_4": null,
            "kappa_mult_6": null,
            "natural_kappa_1": 0.373530914665304,
            "natural_kappa_4": 0.6280020439448135,
            "natural_kappa_6": 0.3888605007664793
        },
        {
            "fold": 1,
            "f1": 0.913249211356467,
            "inner_f1_star": 0.9084859653082514,
            "max_depth": 20,
            "min_samples_split": 2,
            "min_samples_leaf": 1,
            "threshold": 0.35,
            "gamma": 1.5,
            "n_clusters": 4,
            "n_comps": null,
            "kappa_1": null,
            "kappa_4": null,
            "kappa_6": null,
            "kappa_mult_1": null,
            "kappa_mult_4": null,
            "kappa_mult_6": null,
            "natural_kappa_1": 0.3778801843317972,
            "natural_kappa_4": 0.615463389656938,
            "natural_kappa_6": 0.4019457245263697
        },
        {
            "fold": 2,
            "f1": 0.9349397590361446,
            "inner_f1_star": 0.9076030598795234,
            "max_depth": 25,
            "min_samples_split": 2,
            "min_samples_leaf": 1,
            "threshold": 0.45,
            "gamma": 0.5,
            "n_clusters": 5,
            "n_comps": null,
            "kappa_1": null,
            "kappa_4": null,
            "kappa_6": null,
            "kappa_mult_1": null,
            "kappa_mult_4": null,
            "kappa_mult_6": null,
            "natural_kappa_1": 0.36139112903225806,
            "natural_kappa_4": 0.6028225806451613,
            "natural_kappa_6": 0.3936491935483871
        },
        {
            "fold": 3,
            "f1": 0.9336569579288025,
            "inner_f1_star": 0.9097473840895521,
            "max_depth": 30,
            "min_samples_split": 2,
            "min_samples_leaf": 1,
            "threshold": 0.55,
            "gamma": 1.0,
            "n_clusters": 3,
            "n_comps": null,
            "kappa_1": null,
            "kappa_4": null,
            "kappa_6": null,
            "kappa_mult_1": null,
            "kappa_mult_4": null,
            "kappa_mult_6": null,
            "natural_kappa_1": 0.3715170278637771,
            "natural_kappa_4": 0.6398348813209495,
            "natural_kappa_6": 0.40299277605779155
        },
        {
            "fold": 4,
            "f1": 0.9292604501607716,
            "inner_f1_star": 0.9092179975436613,
            "max_depth": 25,
            "min_samples_split": 2,
            "min_samples_leaf": 1,
            "threshold": 0.45,
            "gamma": 1.0,
            "n_clusters": 3,
            "n_comps": null,
            "kappa_1": null,
            "kappa_4": null,
            "kappa_6": null,
            "kappa_mult_1": null,
            "kappa_mult_4": null,
            "kappa_mult_6": null,
            "natural_kappa_1": 0.3760245901639344,
            "natural_kappa_4": 0.6337090163934426,
            "natural_kappa_6": 0.38729508196721313
        }
    ],
    "summary": {
        "f1_mean": 0.9280960750543826,
        "f1_std": 0.00867723521347341
    }
}