{
    "experiment_type": "cost_sensitive",
    "fold_metrics": [
        {
            "fold": 0,
            "f1": 0.7564841498559077,
            "inner_f1_star": 0.7590686173626401,
            "lambda_reg": 0.0001,
            "threshold": 0.35,
            "gamma": null,
            "n_comps": null,
            "n_clusters": null,
            "kappa_1": null,
            "kappa_4": null,
            "kappa_6": null,
            "kappa_mult_1": null,
            "kappa_mult_4": null,
            "kappa_mult_6": null,
            "natural_kappa_1": 0.373530914665304,
            "natural_kappa_4": 0.6280020439448135,
            "natural_kappa_6": 0.3888605007664793
        },
        {
            "fold": 1,
            "f1": 0.7663817663817664,
            "inner_f1_star": 0.7594225481780067,
            "lambda_reg": 0.0,
            "threshold": 0.35,
            "gamma": null,
            "n_comps": null,
            "n_clusters": null,
            "kappa_1": null,
            "kappa_4": null,
            "kappa_6": null,
            "kappa_mult_1": null,
            "kappa_mult_4": null,
            "kappa_mult_6": null,
            "natural_kappa_1": 0.3778801843317972,
            "natural_kappa_4": 0.615463389656938,
            "natural_kappa_6": 0.4019457245263697
        },
        {
            "fold": 2,
            "f1": 0.7552958363769174,
            "inner_f1_star": 0.7645818690828327,
            "lambda_reg": 0.0001,
            "threshold": 0.35,
            "gamma": null,
            "n_comps": null,
            "n_clusters": null,
            "kappa_1": null,
            "kappa_4": null,
            "kappa_6": null,
            "kappa_mult_1": null,
            "kappa_mult_4": null,
            "kappa_mult_6": null,
            "natural_kappa_1": 0.36139112903225806,
            "natural_kappa_4": 0.6028225806451613,
            "natural_kappa_6": 0.3936491935483871
        },
        {
            "fold": 3,
            "f1": 0.7576403695806682,
            "inner_f1_star": 0.7630691084607802,
            "lambda_reg": 0.001,
            "threshold": 0.35,
            "gamma": null,
            "n_comps": null,
            "n_clusters": null,
            "kappa_1": null,
            "kappa_4": null,
            "kappa_6": null,
            "kappa_mult_1": null,
            "kappa_mult_4": null,
            "kappa_mult_6": null,
            "natural_kappa_1": 0.3715170278637771,
            "natural_kappa_4": 0.6398348813209495,
            "natural_kappa_6": 0.40299277605779155
        },
        {
            "fold": 4,
            "f1": 0.7757750540735401,
            "inner_f1_star": 0.7567437851805626,
            "lambda_reg": 0.001,
            "threshold": 0.35,
            "gamma": null,
            "n_comps": null,
            "n_clusters": null,
            "kappa_1": null,
            "kappa_4": null,
            "kappa_6": null,
            "kappa_mult_1": null,
            "kappa_mult_4": null,
            "kappa_mult_6": null,
            "natural_kappa_1": 0.3760245901639344,
            "natural_kappa_4": 0.6337090163934426,
            "natural_kappa_6": 0.38729508196721313
        }
    ],
    "summary": {
        "f1_mean": 0.76231543525376,
        "f1_std": 0.008701024141546037
    }
}