{
    "experiment_type": "gmm",
    "fold_metrics": [
        {
            "fold": 0,
            "f1": 0.7617689015691869,
            "inner_f1_star": 0.7610541274988093,
            "lambda_reg": 0.0,
            "threshold": 0.35,
            "gamma": null,
            "n_comps": 2,
            "n_clusters": null,
            "kappa_1": null,
            "kappa_4": null,
            "kappa_6": null,
            "kappa_mult_1": null,
            "kappa_mult_4": null,
            "kappa_mult_6": null,
            "natural_kappa_1": 0.373530914665304,
            "natural_kappa_4": 0.6280020439448135,
            "natural_kappa_6": 0.3888605007664793
        },
        {
            "fold": 1,
            "f1": 0.7493112947658401,
            "inner_f1_star": 0.7557156625530518,
            "lambda_reg": 0.001,
            "threshold": 0.35,
            "gamma": null,
            "n_comps": 4,
            "n_clusters": null,
            "kappa_1": null,
            "kappa_4": null,
            "kappa_6": null,
            "kappa_mult_1": null,
            "kappa_mult_4": null,
            "kappa_mult_6": null,
            "natural_kappa_1": 0.3778801843317972,
            "natural_kappa_4": 0.615463389656938,
            "natural_kappa_6": 0.4019457245263697
        },
        {
            "fold": 2,
            "f1": 0.7463976945244958,
            "inner_f1_star": 0.7626085936710142,
            "lambda_reg": 0.0,
            "threshold": 0.35,
            "gamma": null,
            "n_comps": 2,
            "n_clusters": null,
            "kappa_1": null,
            "kappa_4": null,
            "kappa_6": null,
            "kappa_mult_1": null,
            "kappa_mult_4": null,
            "kappa_mult_6": null,
            "natural_kappa_1": 0.36139112903225806,
            "natural_kappa_4": 0.6028225806451613,
            "natural_kappa_6": 0.3936491935483871
        },
        {
            "fold": 3,
            "f1": 0.7560283687943262,
            "inner_f1_star": 0.7655381549406285,
            "lambda_reg": 0.001,
            "threshold": 0.35,
            "gamma": null,
            "n_comps": 3,
            "n_clusters": null,
            "kappa_1": null,
            "kappa_4": null,
            "kappa_6": null,
            "kappa_mult_1": null,
            "kappa_mult_4": null,
            "kappa_mult_6": null,
            "natural_kappa_1": 0.3715170278637771,
            "natural_kappa_4": 0.6398348813209495,
            "natural_kappa_6": 0.40299277605779155
        },
        {
            "fold": 4,
            "f1": 0.7746979388770434,
            "inner_f1_star": 0.7581154805181093,
            "lambda_reg": 0.01,
            "threshold": 0.35,
            "gamma": null,
            "n_comps": 2,
            "n_clusters": null,
            "kappa_1": null,
            "kappa_4": null,
            "kappa_6": null,
            "kappa_mult_1": null,
            "kappa_mult_4": null,
            "kappa_mult_6": null,
            "natural_kappa_1": 0.3760245901639344,
            "natural_kappa_4": 0.6337090163934426,
            "natural_kappa_6": 0.38729508196721313
        }
    ],
    "summary": {
        "f1_mean": 0.7576408397061785,
        "f1_std": 0.011251391267312524
    }
}