{
    "experiment_type": "upsample",
    "fold_metrics": [
        {
            "fold": 0,
            "f1": 0.8130469371519491,
            "inner_f1_star": 0.805685450989103,
            "lr": 0.05,
            "hidden_width": 64,
            "weight_decay": 0.001,
            "dropout": 0.0,
            "batch_size": 64,
            "activation": "relu",
            "num_epochs": 50,
            "threshold": 0.35,
            "gamma": null,
            "n_clusters": null,
            "n_comps": null,
            "kappa_1": 0.373530914665304,
            "kappa_4": 0.6280020439448135,
            "kappa_6": 0.3888605007664793,
            "kappa_mult_1": 1.0,
            "kappa_mult_4": 1.0,
            "kappa_mult_6": 1.0,
            "natural_kappa_1": 0.373530914665304,
            "natural_kappa_4": 0.6280020439448135,
            "natural_kappa_6": 0.3888605007664793
        },
        {
            "fold": 1,
            "f1": 0.8044444444444445,
            "inner_f1_star": 0.8162323838339369,
            "lr": 0.05,
            "hidden_width": 64,
            "weight_decay": 0.001,
            "dropout": 0.0,
            "batch_size": 64,
            "activation": "relu",
            "num_epochs": 50,
            "threshold": 0.35,
            "gamma": null,
            "n_clusters": null,
            "n_comps": null,
            "kappa_1": 0.3778801843317972,
            "kappa_4": 0.615463389656938,
            "kappa_6": 0.4019457245263697,
            "kappa_mult_1": 1.0,
            "kappa_mult_4": 1.0,
            "kappa_mult_6": 1.0,
            "natural_kappa_1": 0.3778801843317972,
            "natural_kappa_4": 0.615463389656938,
            "natural_kappa_6": 0.4019457245263697
        },
        {
            "fold": 2,
            "f1": 0.8145285935085008,
            "inner_f1_star": 0.8134963269214809,
            "lr": 0.05,
            "hidden_width": 64,
            "weight_decay": 0.001,
            "dropout": 0.0,
            "batch_size": 64,
            "activation": "relu",
            "num_epochs": 50,
            "threshold": 0.35,
            "gamma": null,
            "n_clusters": null,
            "n_comps": null,
            "kappa_1": 0.36139112903225806,
            "kappa_4": 0.9042338709677419,
            "kappa_6": 0.5904737903225807,
            "kappa_mult_1": 1.0,
            "kappa_mult_4": 1.5,
            "kappa_mult_6": 1.5,
            "natural_kappa_1": 0.36139112903225806,
            "natural_kappa_4": 0.6028225806451613,
            "natural_kappa_6": 0.3936491935483871
        },
        {
            "fold": 3,
            "f1": 0.8006065200909781,
            "inner_f1_star": 0.8036159137457949,
            "lr": 0.05,
            "hidden_width": 64,
            "weight_decay": 0.001,
            "dropout": 0.0,
            "batch_size": 64,
            "activation": "relu",
            "num_epochs": 50,
            "threshold": 0.35,
            "gamma": null,
            "n_clusters": null,
            "n_comps": null,
            "kappa_1": 0.3715170278637771,
            "kappa_4": 0.9597523219814241,
            "kappa_6": 0.6044891640866873,
            "kappa_mult_1": 1.0,
            "kappa_mult_4": 1.5,
            "kappa_mult_6": 1.5,
            "natural_kappa_1": 0.3715170278637771,
            "natural_kappa_4": 0.6398348813209495,
            "natural_kappa_6": 0.40299277605779155
        },
        {
            "fold": 4,
            "f1": 0.8252279635258359,
            "inner_f1_star": 0.8034384305918684,
            "lr": 0.05,
            "hidden_width": 64,
            "weight_decay": 0.001,
            "dropout": 0.0,
            "batch_size": 64,
            "activation": "relu",
            "num_epochs": 50,
            "threshold": 0.35,
            "gamma": null,
            "n_clusters": null,
            "n_comps": null,
            "kappa_1": 0.3760245901639344,
            "kappa_4": 0.9505635245901638,
            "kappa_6": 0.5809426229508197,
            "kappa_mult_1": 1.0,
            "kappa_mult_4": 1.5,
            "kappa_mult_6": 1.5,
            "natural_kappa_1": 0.3760245901639344,
            "natural_kappa_4": 0.6337090163934426,
            "natural_kappa_6": 0.38729508196721313
        }
    ],
    "summary": {
        "f1_mean": 0.8115708917443417,
        "f1_std": 0.009597473838036889
    }
}