{
    "experiment_type": "upsample",
    "fold_metrics": [
        {
            "fold": 0,
            "f1": 0.7619728377412437,
            "inner_f1_star": 0.7635133258813523,
            "lambda_reg": 0.0001,
            "threshold": 0.35,
            "gamma": null,
            "n_comps": null,
            "n_clusters": null,
            "kappa_1": 0.560296371997956,
            "kappa_4": 0.6280020439448135,
            "kappa_6": 0.583290751149719,
            "kappa_mult_1": 1.5,
            "kappa_mult_4": 1.0,
            "kappa_mult_6": 1.5,
            "natural_kappa_1": 0.373530914665304,
            "natural_kappa_4": 0.6280020439448135,
            "natural_kappa_6": 0.3888605007664793
        },
        {
            "fold": 1,
            "f1": 0.7686832740213524,
            "inner_f1_star": 0.7627782092658236,
            "lambda_reg": 0.0001,
            "threshold": 0.35,
            "gamma": null,
            "n_comps": null,
            "n_clusters": null,
            "kappa_1": 0.5668202764976958,
            "kappa_4": 0.615463389656938,
            "kappa_6": 0.6029185867895546,
            "kappa_mult_1": 1.5,
            "kappa_mult_4": 1.0,
            "kappa_mult_6": 1.5,
            "natural_kappa_1": 0.3778801843317972,
            "natural_kappa_4": 0.615463389656938,
            "natural_kappa_6": 0.4019457245263697
        },
        {
            "fold": 2,
            "f1": 0.7518142235123366,
            "inner_f1_star": 0.7649169223787161,
            "lambda_reg": 0.0001,
            "threshold": 0.35,
            "gamma": null,
            "n_comps": null,
            "n_clusters": null,
            "kappa_1": 0.5420866935483871,
            "kappa_4": 0.6028225806451613,
            "kappa_6": 0.5904737903225807,
            "kappa_mult_1": 1.5,
            "kappa_mult_4": 1.0,
            "kappa_mult_6": 1.5,
            "natural_kappa_1": 0.36139112903225806,
            "natural_kappa_4": 0.6028225806451613,
            "natural_kappa_6": 0.3936491935483871
        },
        {
            "fold": 3,
            "f1": 0.7617021276595746,
            "inner_f1_star": 0.765254386826172,
            "lambda_reg": 0.0001,
            "threshold": 0.35,
            "gamma": null,
            "n_comps": null,
            "n_clusters": null,
            "kappa_1": 0.5572755417956656,
            "kappa_4": 0.6398348813209495,
            "kappa_6": 0.6044891640866873,
            "kappa_mult_1": 1.5,
            "kappa_mult_4": 1.0,
            "kappa_mult_6": 1.5,
            "natural_kappa_1": 0.3715170278637771,
            "natural_kappa_4": 0.6398348813209495,
            "natural_kappa_6": 0.40299277605779155
        },
        {
            "fold": 4,
            "f1": 0.7752161383285303,
            "inner_f1_star": 0.7591042601139913,
            "lambda_reg": 0.0001,
            "threshold": 0.35,
            "gamma": null,
            "n_comps": null,
            "n_clusters": null,
            "kappa_1": 0.5640368852459017,
            "kappa_4": 0.6337090163934426,
            "kappa_6": 0.5809426229508197,
            "kappa_mult_1": 1.5,
            "kappa_mult_4": 1.0,
            "kappa_mult_6": 1.5,
            "natural_kappa_1": 0.3760245901639344,
            "natural_kappa_4": 0.6337090163934426,
            "natural_kappa_6": 0.38729508196721313
        }
    ],
    "summary": {
        "f1_mean": 0.7638777202526075,
        "f1_std": 0.008739891383824472
    }
}